time,acc,f1
52.603729486465454,0.2693,0.2693
76.58932733535767,0.3105,0.3105
105.0555899143219,0.379,0.37899999999999995
